CustomerID,Age,Gender,Location,total_qty_purchased,customer_segment,rfm_segment
664,33,Other,South,39,"High Value",Champions
670,45,Other,East,35,"High Value",Champions
936,65,Male,East,35,"High Value",Champions
39,20,Male,West,34,"High Value","Loyal Customers"
958,47,Other,East,34,"High Value",Champions
704,24,Female,South,32,"High Value",Champions
113,21,Male,Unknown,31,"High Value",Champions
401,47,Other,South,30,Mid,Champions
526,39,Other,North,30,Mid,"Loyal Customers"
99,65,Male,North,29,Mid,Champions
130,52,Female,West,29,Mid,"Loyal Customers"
476,45,Female,Unknown,29,Mid,Champions
929,65,Male,North,29,Mid,Champions
233,65,Female,North,28,Mid,Champions
435,61,Male,North,28,Mid,Champions
554,64,Female,South,28,Mid,Champions
776,69,Female,North,28,Mid,Champions
867,47,Male,West,28,Mid,Champions
881,60,Other,West,28,Mid,Champions
921,69,Female,West,28,Mid,Champions
220,46,Other,West,27,Mid,"Loyal Customers"
676,62,Other,North,27,Mid,Champions
828,24,Male,West,27,Mid,Champions
118,26,Female,East,26,Mid,Champions
318,47,Female,West,26,Mid,Champions
349,49,Female,West,26,Mid,Champions
485,38,Other,East,26,Mid,Champions
787,49,Other,South,26,Mid,Champions
805,63,Other,South,26,Mid,"Loyal Customers"
883,30,Male,West,26,Mid,Champions
12,24,Other,East,25,Mid,"Loyal Customers"
196,67,Female,West,25,Mid,Champions
289,22,Male,North,25,Mid,Champions
303,57,Female,North,25,Mid,Champions
381,18,Male,East,25,Mid,"Loyal Customers"
386,23,Other,North,25,Mid,Champions
517,62,Other,Unknown,25,Mid,Champions
727,35,Female,North,25,Mid,Champions
956,64,Female,North,25,Mid,"Loyal Customers"
962,46,Female,North,25,Mid,Champions
1,63,Other,East,24,Mid,Champions
22,29,Male,South,24,Mid,Champions
75,30,Other,East,24,Mid,Champions
124,58,Female,South,24,Mid,Champions
161,58,Male,North,24,Mid,"Loyal Customers"
364,34,Other,East,24,Mid,Champions
397,20,Female,East,24,Mid,Champions
547,20,Male,South,24,Mid,Champions
646,33,Other,West,24,Mid,Champions
672,49,Male,West,24,Mid,Champions
685,44,Other,North,24,Mid,Champions
822,48,Other,South,24,Mid,Champions
937,60,Other,North,24,Mid,Champions
8,65,Female,East,23,Mid,"Loyal Customers"
86,43,Female,North,23,Mid,"Loyal Customers"
201,41,Other,North,23,Mid,Champions
261,53,Male,North,23,Mid,"Loyal Customers"
288,29,Other,South,23,Mid,"Loyal Customers"
407,63,Other,West,23,Mid,Champions
420,38,Female,North,23,Mid,Champions
459,27,Male,North,23,Mid,"Loyal Customers"
602,19,Female,South,23,Mid,Champions
604,58,Other,North,23,Mid,Champions
610,29,Female,North,23,Mid,"Loyal Customers"
613,50,Other,West,23,Mid,Champions
648,60,Other,South,23,Mid,Champions
660,37,Male,East,23,Mid,"Loyal Customers"
693,59,Other,West,23,Mid,"Loyal Customers"
772,47,Other,East,23,Mid,Champions
779,26,Male,West,23,Mid,Champions
837,60,Male,West,23,Mid,Champions
973,50,Male,North,23,Mid,Champions
984,42,Female,East,23,Mid,"Loyal Customers"
7,56,Other,East,22,Mid,Champions
35,51,Male,South,22,Mid,Champions
84,57,Male,West,22,Mid,Champions
154,23,Other,North,22,Mid,Champions
301,27,Female,West,22,Mid,Champions
342,49,Female,South,22,Mid,"Loyal Customers"
344,32,Male,West,22,Mid,Champions
497,69,Other,West,22,Mid,Champions
511,32,Male,North,22,Mid,Champions
666,51,Female,East,22,Mid,Champions
739,18,Male,West,22,Mid,Champions
759,50,Female,West,22,Mid,Champions
806,68,Female,West,22,Mid,Champions
943,19,Male,West,22,Mid,Champions
947,58,Male,West,22,Mid,Champions
952,27,Male,East,22,Mid,"Potential Loyalists"
41,36,Female,North,21,Mid,Champions
63,46,Female,East,21,Mid,Champions
69,37,Other,West,21,Mid,Champions
143,57,Female,West,21,Mid,"Loyal Customers"
223,66,Other,West,21,Mid,Champions
227,27,Other,South,21,Mid,Champions
231,30,Male,West,21,Mid,"Loyal Customers"
242,50,Female,North,21,Mid,"Loyal Customers"
268,55,Female,South,21,Mid,Champions
365,35,Other,East,21,Mid,Champions
477,59,Other,West,21,Mid,"Loyal Customers"
500,40,Male,West,21,Mid,Champions
659,60,Male,East,21,Mid,Champions
798,54,Other,West,21,Mid,"Loyal Customers"
854,32,Other,South,21,Mid,"Loyal Customers"
872,30,Male,West,21,Mid,"Loyal Customers"
987,41,Other,South,21,Mid,Champions
109,38,Other,East,20,Mid,Champions
120,35,Other,North,20,Mid,"Loyal Customers"
147,62,Female,East,20,Mid,Champions
163,25,Male,West,20,Mid,Champions
188,28,Other,North,20,Mid,Champions
283,43,Male,South,20,Mid,"Loyal Customers"
302,39,Female,West,20,Mid,Champions
320,62,Other,North,20,Mid,Champions
395,23,Female,West,20,Mid,Champions
453,43,Female,South,20,Mid,Champions
483,60,Female,East,20,Mid,Champions
561,19,Female,West,20,Mid,"Loyal Customers"
573,20,Other,North,20,Mid,Champions
637,26,Male,West,20,Mid,Champions
658,32,Other,East,20,Mid,Champions
781,55,Male,West,20,Mid,"Loyal Customers"
797,48,Other,South,20,Mid,Champions
814,64,Male,West,20,Mid,"Loyal Customers"
866,57,Female,South,20,Mid,Champions
915,19,Other,West,20,Mid,Champions
985,49,Female,South,20,Mid,"Loyal Customers"
20,35,Other,South,19,Mid,Champions
90,66,Other,South,19,Mid,"Potential Loyalists"
104,47,Male,South,19,Mid,Champions
117,19,Female,East,19,Mid,Champions
127,43,Male,East,19,Mid,Champions
144,59,Other,South,19,Mid,"Loyal Customers"
156,51,Other,South,19,Mid,Champions
162,26,Other,South,19,Mid,Champions
216,34,Female,South,19,Mid,Champions
217,40,Male,East,19,Mid,"Loyal Customers"
229,61,Female,North,19,Mid,"Loyal Customers"
253,58,Other,North,19,Mid,"Loyal Customers"
254,27,Female,West,19,Mid,"Loyal Customers"
305,32,Male,South,19,Mid,Champions
350,57,Other,West,19,Mid,Champions
380,41,Male,East,19,Mid,Champions
393,36,Male,West,19,Mid,"Loyal Customers"
399,18,Male,North,19,Mid,Champions
440,44,Male,West,19,Mid,"Loyal Customers"
441,62,Female,North,19,Mid,"Loyal Customers"
467,68,Female,West,19,Mid,"Loyal Customers"
494,18,Female,East,19,Mid,Champions
505,19,Female,West,19,Mid,Champions
558,35,Male,North,19,Mid,Champions
563,37,Female,South,19,Mid,Champions
571,55,Female,East,19,Mid,"Loyal Customers"
580,37,Other,East,19,Mid,"Loyal Customers"
623,53,Other,North,19,Mid,"Loyal Customers"
655,32,Female,South,19,Mid,Champions
656,23,Male,South,19,Mid,Champions
662,19,Female,North,19,Mid,Champions
665,36,Other,South,19,Mid,"Loyal Customers"
687,60,Other,West,19,Mid,Champions
710,67,Male,North,19,Mid,"Loyal Customers"
764,57,Other,East,19,Mid,Champions
783,69,Male,South,19,Mid,"Loyal Customers"
794,38,Male,West,19,Mid,Champions
838,35,Other,North,19,Mid,"Loyal Customers"
840,65,Other,West,19,Mid,Champions
877,20,Female,West,19,Mid,Champions
888,68,Female,South,19,Mid,"Loyal Customers"
940,25,Female,West,19,Mid,"Loyal Customers"
959,53,Female,South,19,Mid,Champions
978,66,Male,East,19,Mid,"Loyal Customers"
17,49,Female,South,18,Mid,"Loyal Customers"
19,64,Other,South,18,Mid,Champions
21,55,Other,West,18,Mid,"Loyal Customers"
47,47,Other,East,18,Mid,"Loyal Customers"
54,41,Other,West,18,Mid,"Potential Loyalists"
78,68,Other,South,18,Mid,"Loyal Customers"
141,24,Male,East,18,Mid,Champions
149,30,Female,North,18,Mid,"Loyal Customers"
173,53,Other,North,18,Mid,"Loyal Customers"
218,19,Male,South,18,Mid,"Loyal Customers"
273,43,Male,North,18,Mid,Champions
277,50,Female,East,18,Mid,Champions
296,61,Male,East,18,Mid,"Loyal Customers"
324,22,Male,South,18,Mid,Champions
363,41,Male,South,18,Mid,Champions
387,19,Other,West,18,Mid,Champions
392,65,Female,West,18,Mid,Champions
455,21,Female,South,18,Mid,Champions
471,29,Male,South,18,Mid,"Loyal Customers"
520,45,Female,West,18,Mid,Champions
574,29,Other,East,18,Mid,"Loyal Customers"
584,21,Female,West,18,Mid,Champions
628,25,Other,West,18,Mid,Champions
682,46,Male,South,18,Mid,"Loyal Customers"
703,31,Other,East,18,Mid,"Loyal Customers"
763,40,Other,South,18,Mid,"Loyal Customers"
802,31,Male,West,18,Mid,Champions
815,32,Male,South,18,Mid,Champions
820,51,Other,North,18,Mid,Champions
823,54,Female,West,18,Mid,"Loyal Customers"
912,61,Other,South,18,Mid,Champions
955,35,Female,South,18,Mid,Champions
957,49,Female,South,18,Mid,"Loyal Customers"
977,63,Male,West,18,Mid,"Loyal Customers"
983,44,Female,North,18,Mid,"Loyal Customers"
988,20,Male,West,18,Mid,Champions
990,52,Male,South,18,Mid,Champions
66,43,Male,South,17,Mid,Champions
108,53,Male,West,17,Mid,"Loyal Customers"
129,59,Female,North,17,Mid,"Loyal Customers"
133,58,Female,North,17,Mid,"Loyal Customers"
165,57,Female,East,17,Mid,Champions
172,33,Female,South,17,Mid,Champions
183,32,Other,East,17,Mid,"Loyal Customers"
226,59,Other,East,17,Mid,"Loyal Customers"
287,30,Female,East,17,Mid,Champions
338,56,Male,West,17,Mid,"Loyal Customers"
356,52,Other,South,17,Mid,"Loyal Customers"
361,38,Male,South,17,Mid,"Loyal Customers"
376,48,Male,East,17,Mid,Champions
378,56,Male,East,17,Mid,Champions
442,37,Female,North,17,Mid,"Loyal Customers"
463,62,Other,East,17,Mid,"Loyal Customers"
508,45,Female,West,17,Mid,Champions
549,55,Female,North,17,Mid,"Loyal Customers"
575,47,Male,North,17,Mid,Champions
588,46,Other,East,17,Mid,"Loyal Customers"
634,29,Female,West,17,Mid,Champions
638,20,Male,West,17,Mid,Champions
654,62,Male,North,17,Mid,"Loyal Customers"
673,54,Male,East,17,Mid,"Loyal Customers"
690,62,Female,East,17,Mid,"Loyal Customers"
725,36,Female,West,17,Mid,"Loyal Customers"
731,40,Female,East,17,Mid,Champions
736,25,Other,North,17,Mid,"Loyal Customers"
774,63,Other,North,17,Mid,"Loyal Customers"
800,63,Other,East,17,Mid,Champions
817,41,Male,East,17,Mid,"Loyal Customers"
842,68,Male,South,17,Mid,"Loyal Customers"
853,56,Male,East,17,Mid,"Loyal Customers"
891,52,Other,East,17,Mid,"Loyal Customers"
896,35,Other,North,17,Mid,"Loyal Customers"
906,44,Other,North,17,Mid,Champions
909,66,Male,South,17,Mid,Champions
916,65,Female,West,17,Mid,"Loyal Customers"
920,67,Male,West,17,Mid,"Loyal Customers"
927,54,Female,East,17,Mid,Champions
930,32,Female,East,17,Mid,"Loyal Customers"
946,47,Other,North,17,Mid,"Loyal Customers"
971,53,Other,West,17,Mid,"Loyal Customers"
974,40,Other,North,17,Mid,Champions
2,63,Male,North,16,Mid,"Potential Loyalists"
23,32,Other,West,16,Mid,"Loyal Customers"
28,69,Male,East,16,Mid,"Potential Loyalists"
29,26,Male,West,16,Mid,"Potential Loyalists"
53,64,Female,North,16,Mid,"Potential Loyalists"
65,30,Female,North,16,Mid,Champions
89,25,Male,East,16,Mid,"Loyal Customers"
119,62,Male,South,16,Mid,"Loyal Customers"
137,39,Male,West,16,Mid,"Potential Loyalists"
145,34,Male,East,16,Mid,"Loyal Customers"
148,46,Male,West,16,Mid,"Loyal Customers"
168,36,Male,South,16,Mid,"Loyal Customers"
312,50,Other,West,16,Mid,"Potential Loyalists"
359,64,Male,East,16,Mid,"Loyal Customers"
360,31,Female,West,16,Mid,"Loyal Customers"
385,35,Female,South,16,Mid,Champions
400,61,Female,South,16,Mid,"Potential Loyalists"
437,35,Female,West,16,Mid,"Loyal Customers"
473,42,Female,South,16,Mid,"Potential Loyalists"
474,53,Male,North,16,Mid,Champions
516,49,Other,North,16,Mid,"Loyal Customers"
524,38,Other,East,16,Mid,Champions
532,35,Female,South,16,Mid,"Loyal Customers"
550,65,Other,East,16,Mid,"Loyal Customers"
579,58,Male,West,16,Mid,"Loyal Customers"
598,62,Male,North,16,Mid,"Loyal Customers"
625,43,Male,West,16,Mid,Champions
661,51,Other,West,16,Mid,Champions
689,66,Other,East,16,Mid,Champions
691,21,Male,East,16,Mid,"Loyal Customers"
700,26,Female,North,16,Mid,"Loyal Customers"
749,66,Other,South,16,Mid,"Loyal Customers"
751,48,Male,West,16,Mid,Champions
769,26,Female,West,16,Mid,"Loyal Customers"
770,64,Other,East,16,Mid,"Loyal Customers"
816,47,Female,East,16,Mid,"Potential Loyalists"
876,59,Male,East,16,Mid,"Loyal Customers"
886,49,Male,North,16,Mid,Champions
892,52,Female,North,16,Mid,"Loyal Customers"
899,65,Other,North,16,Mid,Champions
900,56,Female,East,16,Mid,"Loyal Customers"
917,32,Other,West,16,Mid,"Loyal Customers"
953,68,Other,South,16,Mid,"Loyal Customers"
966,64,Male,West,16,Mid,"Loyal Customers"
980,59,Female,South,16,Mid,"Loyal Customers"
997,24,Male,West,16,Mid,"Loyal Customers"
13,69,Male,East,15,Mid,"Loyal Customers"
25,55,Female,West,15,Mid,"Loyal Customers"
26,67,Other,North,15,Mid,"Loyal Customers"
40,52,Female,South,15,Mid,"Loyal Customers"
58,28,Female,West,15,Mid,"Loyal Customers"
73,25,Other,North,15,Mid,"Loyal Customers"
102,21,Male,South,15,Mid,Champions
157,28,Other,South,15,Mid,"Potential Loyalists"
160,57,Male,South,15,Mid,"Loyal Customers"
190,67,Female,North,15,Mid,"Loyal Customers"
198,37,Other,West,15,Mid,"Potential Loyalists"
202,65,Female,East,15,Mid,"Loyal Customers"
225,35,Male,East,15,Mid,"Potential Loyalists"
285,68,Other,North,15,Mid,"Potential Loyalists"
314,44,Female,South,15,Mid,"Loyal Customers"
323,59,Other,South,15,Mid,"Loyal Customers"
335,43,Male,South,15,Mid,"Potential Loyalists"
348,28,Other,South,15,Mid,"Potential Loyalists"
353,57,Male,East,15,Mid,"Potential Loyalists"
406,24,Male,South,15,Mid,"Loyal Customers"
445,47,Female,West,15,Mid,"Loyal Customers"
461,65,Female,North,15,Mid,"Potential Loyalists"
490,67,Other,East,15,Mid,"Loyal Customers"
551,69,Other,West,15,Mid,Champions
559,31,Male,North,15,Mid,Champions
594,34,Female,North,15,Mid,Champions
601,20,Male,West,15,Mid,"Potential Loyalists"
612,29,Other,West,15,Mid,"Loyal Customers"
620,58,Male,South,15,Mid,Champions
633,65,Other,West,15,Mid,"Loyal Customers"
688,24,Other,North,15,Mid,"Loyal Customers"
761,60,Other,East,15,Mid,Champions
825,50,Other,North,15,Mid,Champions
831,69,Other,North,15,Mid,"Loyal Customers"
833,30,Other,West,15,Mid,"Loyal Customers"
861,59,Male,South,15,Mid,"Potential Loyalists"
911,48,Male,West,15,Mid,Champions
922,31,Other,North,15,Mid,"Potential Loyalists"
934,31,Female,North,15,Mid,"Loyal Customers"
81,51,Other,East,14,Mid,"Loyal Customers"
87,31,Other,West,14,Mid,"Loyal Customers"
92,59,Other,West,14,Mid,"Potential Loyalists"
111,65,Other,West,14,Mid,Champions
122,65,Other,South,14,Mid,"Loyal Customers"
126,42,Other,West,14,Mid,"Loyal Customers"
132,20,Other,South,14,Mid,"Loyal Customers"
178,30,Male,South,14,Mid,"Potential Loyalists"
182,48,Female,East,14,Mid,"Loyal Customers"
194,62,Other,East,14,Mid,Champions
195,45,Female,North,14,Mid,"Loyal Customers"
204,57,Other,West,14,Mid,"Loyal Customers"
213,25,Other,West,14,Mid,"Loyal Customers"
243,29,Other,South,14,Mid,"Potential Loyalists"
250,67,Female,West,14,Mid,"Loyal Customers"
251,57,Male,North,14,Mid,"Potential Loyalists"
259,45,Female,West,14,Mid,"Loyal Customers"
260,21,Other,North,14,Mid,Champions
281,19,Other,South,14,Mid,"Potential Loyalists"
286,64,Male,North,14,Mid,"Loyal Customers"
309,38,Female,East,14,Mid,"At Risk"
327,49,Male,North,14,Mid,"Loyal Customers"
354,25,Female,South,14,Mid,"Loyal Customers"
371,51,Female,West,14,Mid,"Potential Loyalists"
377,42,Male,South,14,Mid,"Loyal Customers"
419,57,Male,West,14,Mid,Champions
422,20,Male,South,14,Mid,"Loyal Customers"
424,58,Other,South,14,Mid,"Loyal Customers"
432,51,Male,East,14,Mid,"Loyal Customers"
450,25,Female,South,14,Mid,Champions
456,48,Female,West,14,Mid,"Loyal Customers"
460,55,Other,South,14,Mid,"Loyal Customers"
515,54,Male,North,14,Mid,"Potential Loyalists"
548,19,Female,East,14,Mid,"Potential Loyalists"
616,66,Male,South,14,Mid,"Potential Loyalists"
640,48,Other,South,14,Mid,"Loyal Customers"
696,61,Male,East,14,Mid,"Loyal Customers"
714,43,Female,East,14,Mid,"Potential Loyalists"
738,32,Female,North,14,Mid,"Potential Loyalists"
744,31,Female,East,14,Mid,"Loyal Customers"
755,69,Female,North,14,Mid,"Loyal Customers"
778,62,Other,West,14,Mid,"Potential Loyalists"
793,53,Other,West,14,Mid,"Potential Loyalists"
795,63,Other,West,14,Mid,"Potential Loyalists"
804,42,Male,South,14,Mid,"Potential Loyalists"
819,60,Other,South,14,Mid,Champions
829,59,Female,West,14,Mid,"Loyal Customers"
849,67,Other,South,14,Mid,Champions
864,22,Male,South,14,Mid,"Loyal Customers"
873,66,Male,West,14,Mid,"Potential Loyalists"
878,29,Female,North,14,Mid,"Potential Loyalists"
935,46,Female,East,14,Mid,"Loyal Customers"
949,48,Female,North,14,Mid,"Loyal Customers"
993,67,Other,East,14,Mid,"Potential Loyalists"
996,36,Female,North,14,Mid,"Loyal Customers"
15,25,Male,North,13,Mid,"Potential Loyalists"
16,40,Other,East,13,Mid,"Loyal Customers"
43,46,Other,North,13,Mid,"Potential Loyalists"
55,43,Other,North,13,Mid,"Potential Loyalists"
131,55,Male,North,13,Mid,"Loyal Customers"
146,18,Male,West,13,Mid,"Potential Loyalists"
152,58,Other,South,13,Mid,"Potential Loyalists"
159,55,Other,East,13,Mid,"Loyal Customers"
170,49,Male,North,13,Mid,"Loyal Customers"
191,44,Other,West,13,Mid,"Loyal Customers"
192,43,Female,South,13,Mid,"Potential Loyalists"
210,58,Other,East,13,Mid,"Loyal Customers"
264,51,Other,West,13,Mid,Champions
270,68,Female,East,13,Mid,"Potential Loyalists"
284,58,Female,West,13,Mid,"Loyal Customers"
329,56,Other,West,13,Mid,"Loyal Customers"
332,31,Male,East,13,Mid,"Loyal Customers"
334,59,Other,South,13,Mid,"Potential Loyalists"
341,60,Female,East,13,Mid,"Loyal Customers"
346,56,Other,South,13,Mid,"Potential Loyalists"
374,28,Female,East,13,Mid,"Loyal Customers"
382,42,Male,East,13,Mid,"Loyal Customers"
391,48,Female,South,13,Mid,"Potential Loyalists"
402,63,Female,North,13,Mid,"Potential Loyalists"
408,54,Male,North,13,Mid,"Loyal Customers"
414,42,Male,South,13,Mid,Champions
416,29,Female,North,13,Mid,"Loyal Customers"
418,35,Other,East,13,Mid,"Potential Loyalists"
425,57,Other,North,13,Mid,"Potential Loyalists"
438,53,Male,South,13,Mid,"Potential Loyalists"
443,38,Male,West,13,Mid,"Loyal Customers"
482,35,Female,West,13,Mid,"Loyal Customers"
491,33,Male,West,13,Mid,"At Risk"
492,19,Female,West,13,Mid,"Potential Loyalists"
501,18,Male,East,13,Mid,"Loyal Customers"
503,63,Other,West,13,Mid,"Potential Loyalists"
527,43,Male,South,13,Mid,"Potential Loyalists"
533,24,Female,West,13,Mid,"Loyal Customers"
537,61,Other,North,13,Mid,"Loyal Customers"
546,57,Other,West,13,Mid,"Potential Loyalists"
556,51,Female,East,13,Mid,"Potential Loyalists"
562,18,Other,East,13,Mid,"Loyal Customers"
566,58,Male,South,13,Mid,"Loyal Customers"
572,61,Female,North,13,Mid,"Loyal Customers"
576,48,Other,North,13,Mid,"Loyal Customers"
605,33,Male,North,13,Mid,"Loyal Customers"
630,41,Male,East,13,Mid,"Potential Loyalists"
663,61,Other,West,13,Mid,"Potential Loyalists"
684,40,Other,South,13,Mid,"Potential Loyalists"
686,48,Female,North,13,Mid,"Potential Loyalists"
695,27,Male,North,13,Mid,"Loyal Customers"
730,67,Male,East,13,Mid,"Loyal Customers"
735,64,Other,North,13,Mid,"Loyal Customers"
767,40,Female,East,13,Mid,"Loyal Customers"
768,39,Female,West,13,Mid,"Potential Loyalists"
796,49,Other,North,13,Mid,"Loyal Customers"
803,41,Other,West,13,Mid,"Potential Loyalists"
813,28,Other,South,13,Mid,"Loyal Customers"
824,30,Male,East,13,Mid,"Loyal Customers"
859,34,Male,South,13,Mid,"Loyal Customers"
869,29,Other,North,13,Mid,"Loyal Customers"
897,67,Other,West,13,Mid,"Potential Loyalists"
907,18,Female,East,13,Mid,"Loyal Customers"
923,67,Other,North,13,Mid,Champions
944,33,Other,South,13,Mid,"Loyal Customers"
981,40,Male,North,13,Mid,"Potential Loyalists"
5,57,Male,North,12,Mid,"Potential Loyalists"
10,34,Male,East,12,Mid,"Potential Loyalists"
49,35,Other,West,12,Mid,"Loyal Customers"
51,49,Other,East,12,Mid,"Potential Loyalists"
79,18,Male,South,12,Mid,"Potential Loyalists"
88,58,Female,South,12,Mid,"Potential Loyalists"
95,42,Other,West,12,Mid,"Potential Loyalists"
128,53,Other,East,12,Mid,"Loyal Customers"
203,55,Other,East,12,Mid,"Potential Loyalists"
215,58,Other,South,12,Mid,"Potential Loyalists"
262,18,Other,South,12,Mid,"Loyal Customers"
326,23,Male,East,12,Mid,"At Risk"
345,35,Other,North,12,Mid,"Potential Loyalists"
394,67,Female,South,12,Mid,"At Risk"
427,49,Other,North,12,Mid,"Loyal Customers"
429,63,Other,East,12,Mid,"Loyal Customers"
454,45,Female,North,12,Mid,"Loyal Customers"
499,65,Female,West,12,Mid,"Loyal Customers"
542,28,Female,South,12,Mid,"Loyal Customers"
564,51,Other,North,12,Mid,"Potential Loyalists"
608,67,Female,North,12,Mid,"Potential Loyalists"
609,38,Other,West,12,Mid,"Potential Loyalists"
624,39,Female,East,12,Mid,"Potential Loyalists"
629,43,Female,South,12,Mid,Champions
645,37,Other,South,12,Mid,"Loyal Customers"
669,41,Other,East,12,Mid,"Loyal Customers"
679,41,Male,East,12,Mid,"Potential Loyalists"
726,56,Other,South,12,Mid,Champions
734,65,Male,West,12,Mid,"Loyal Customers"
737,43,Female,South,12,Mid,"Loyal Customers"
740,45,Male,East,12,Mid,"Potential Loyalists"
748,23,Other,East,12,Mid,Champions
848,48,Female,South,12,Mid,"Potential Loyalists"
857,58,Other,South,12,Mid,"Potential Loyalists"
885,25,Female,North,12,Mid,"At Risk"
887,37,Female,North,12,Mid,"Potential Loyalists"
905,54,Male,East,12,Mid,"Loyal Customers"
919,30,Male,East,12,Mid,"Potential Loyalists"
964,45,Male,West,12,Mid,"Potential Loyalists"
968,63,Female,North,12,Mid,"Potential Loyalists"
986,36,Other,East,12,Mid,"Loyal Customers"
994,49,Female,West,12,Mid,"Potential Loyalists"
998,22,Other,Unknown,12,Mid,"Loyal Customers"
27,48,Other,East,11,Mid,"At Risk"
57,40,Female,North,11,Mid,"Potential Loyalists"
59,27,Male,South,11,Mid,"Potential Loyalists"
60,67,Female,East,11,Mid,"Potential Loyalists"
62,30,Female,North,11,Mid,"Potential Loyalists"
70,31,Male,North,11,Mid,"Potential Loyalists"
96,55,Female,North,11,Mid,"Potential Loyalists"
103,21,Female,South,11,Mid,"Loyal Customers"
115,43,Female,Unknown,11,Mid,"Potential Loyalists"
139,32,Male,North,11,Mid,"Potential Loyalists"
164,61,Male,North,11,Mid,"Loyal Customers"
174,35,Other,West,11,Mid,"Loyal Customers"
187,35,Other,East,11,Mid,"At Risk"
207,46,Male,East,11,Mid,"Potential Loyalists"
211,35,Male,East,11,Mid,"At Risk"
228,55,Male,West,11,Mid,"Loyal Customers"
236,19,Other,West,11,Mid,"At Risk"
274,63,Male,West,11,Mid,"At Risk"
280,54,Female,West,11,Mid,"Loyal Customers"
293,67,Female,North,11,Mid,"At Risk"
306,30,Male,West,11,Mid,"At Risk"
311,63,Female,East,11,Mid,"Potential Loyalists"
313,62,Male,West,11,Mid,"Loyal Customers"
336,61,Female,West,11,Mid,"Loyal Customers"
358,52,Other,North,11,Mid,"Loyal Customers"
362,64,Other,South,11,Mid,"Potential Loyalists"
369,21,Other,West,11,Mid,"Potential Loyalists"
375,30,Male,South,11,Mid,"Loyal Customers"
405,26,Female,Unknown,11,Mid,"Potential Loyalists"
436,55,Male,West,11,Mid,"Loyal Customers"
469,36,Other,South,11,Mid,"Potential Loyalists"
504,20,Other,South,11,Mid,"At Risk"
506,54,Other,South,11,Mid,"Loyal Customers"
521,27,Female,South,11,Mid,"Potential Loyalists"
585,46,Other,North,11,Mid,"At Risk"
589,55,Other,West,11,Mid,"At Risk"
607,68,Female,East,11,Mid,"Potential Loyalists"
619,56,Female,East,11,Mid,"Potential Loyalists"
632,57,Other,West,11,Mid,"Potential Loyalists"
641,65,Other,North,11,Mid,"Potential Loyalists"
642,64,Female,West,11,Mid,"Potential Loyalists"
681,46,Other,North,11,Mid,"Loyal Customers"
698,43,Male,South,11,Mid,"Potential Loyalists"
701,54,Male,West,11,Mid,"Loyal Customers"
709,34,Other,East,11,Mid,"Potential Loyalists"
720,43,Male,North,11,Mid,"Loyal Customers"
728,30,Female,East,11,Mid,"Potential Loyalists"
752,54,Other,West,11,Mid,"Potential Loyalists"
762,23,Female,West,11,Mid,"Loyal Customers"
780,18,Other,North,11,Mid,"Potential Loyalists"
785,44,Female,West,11,Mid,"Potential Loyalists"
789,49,Other,North,11,Mid,"Potential Loyalists"
801,63,Female,East,11,Mid,"At Risk"
821,40,Male,East,11,Mid,"Loyal Customers"
826,24,Other,North,11,Mid,"Potential Loyalists"
827,49,Male,North,11,Mid,"Potential Loyalists"
832,61,Female,North,11,Mid,"Potential Loyalists"
835,45,Other,South,11,Mid,"Loyal Customers"
845,60,Male,North,11,Mid,"Potential Loyalists"
856,40,Other,North,11,Mid,"Loyal Customers"
903,40,Female,South,11,Mid,"Loyal Customers"
918,45,Male,East,11,Mid,"At Risk"
932,26,Male,North,11,Mid,"Potential Loyalists"
963,33,Other,East,11,Mid,"Potential Loyalists"
970,45,Other,East,11,Mid,"At Risk"
3,34,Other,North,10,Low,"At Risk"
36,21,Female,North,10,Low,"At Risk"
37,48,Other,West,10,Low,"At Risk"
46,63,Male,North,10,Low,"At Risk"
85,20,Male,East,10,Low,"At Risk"
138,25,Female,West,10,Low,"Potential Loyalists"
153,59,Female,South,10,Low,"Loyal Customers"
155,22,Male,South,10,Low,"Potential Loyalists"
167,30,Other,South,10,Low,"At Risk"
184,37,Male,West,10,Low,"Loyal Customers"
214,32,Other,West,10,Low,"Loyal Customers"
235,44,Other,East,10,Low,"Potential Loyalists"
238,48,Female,East,10,Low,"Potential Loyalists"
239,40,Other,Unknown,10,Low,"At Risk"
246,36,Other,South,10,Low,"Potential Loyalists"
256,32,Male,West,10,Low,"At Risk"
258,32,Male,East,10,Low,"Potential Loyalists"
279,23,Male,East,10,Low,"Potential Loyalists"
295,30,Male,West,10,Low,"Loyal Customers"
304,42,Male,North,10,Low,"Loyal Customers"
316,67,Other,North,10,Low,"At Risk"
337,49,Male,West,10,Low,"Loyal Customers"
379,27,Female,Unknown,10,Low,"Loyal Customers"
384,53,Other,West,10,Low,"Loyal Customers"
396,31,Other,South,10,Low,"At Risk"
428,19,Other,West,10,Low,"At Risk"
430,46,Other,South,10,Low,"Potential Loyalists"
457,33,Male,North,10,Low,"Potential Loyalists"
462,27,Female,East,10,Low,"At Risk"
475,42,Other,North,10,Low,"Potential Loyalists"
481,34,Other,West,10,Low,"Potential Loyalists"
488,67,Male,East,10,Low,"Loyal Customers"
489,23,Female,East,10,Low,"Loyal Customers"
493,68,Male,West,10,Low,"Potential Loyalists"
513,58,Male,North,10,Low,"Potential Loyalists"
525,31,Other,East,10,Low,"Potential Loyalists"
539,68,Male,East,10,Low,"At Risk"
540,44,Female,East,10,Low,"Potential Loyalists"
569,44,Other,North,10,Low,"Potential Loyalists"
578,18,Male,East,10,Low,"At Risk"
582,28,Other,East,10,Low,"Loyal Customers"
618,69,Other,East,10,Low,"Potential Loyalists"
631,41,Male,West,10,Low,"Potential Loyalists"
643,41,Male,South,10,Low,"At Risk"
650,46,Male,West,10,Low,"At Risk"
653,46,Female,North,10,Low,"Potential Loyalists"
657,65,Male,North,10,Low,"Loyal Customers"
675,66,Female,East,10,Low,"Loyal Customers"
715,45,Other,West,10,Low,"Loyal Customers"
732,41,Male,West,10,Low,"At Risk"
741,66,Female,East,10,Low,"Potential Loyalists"
745,59,Other,North,10,Low,"At Risk"
758,45,Male,West,10,Low,"Loyal Customers"
771,57,Male,West,10,Low,"Loyal Customers"
792,53,Female,South,10,Low,"Potential Loyalists"
847,59,Female,South,10,Low,"Potential Loyalists"
852,33,Female,West,10,Low,"Loyal Customers"
902,66,Male,North,10,Low,"At Risk"
913,42,Female,South,10,Low,"Loyal Customers"
933,48,Other,West,10,Low,"Loyal Customers"
941,65,Other,South,10,Low,"Loyal Customers"
942,20,Male,South,10,Low,"Loyal Customers"
969,52,Female,West,10,Low,"Potential Loyalists"
975,58,Male,East,10,Low,"Potential Loyalists"
976,34,Male,West,10,Low,"Loyal Customers"
982,65,Male,South,10,Low,"Potential Loyalists"
989,29,Male,South,10,Low,"At Risk"
999,57,Male,West,10,Low,"Loyal Customers"
9,33,Male,West,9,Low,"At Risk"
14,25,Male,North,9,Low,"At Risk"
42,60,Other,North,9,Low,"At Risk"
48,47,Female,North,9,Low,"Potential Loyalists"
67,37,Male,North,9,Low,"At Risk"
82,67,Female,South,9,Low,"Potential Loyalists"
98,66,Other,North,9,Low,"At Risk"
100,64,Other,East,9,Low,"At Risk"
106,46,Male,South,9,Low,"Potential Loyalists"
107,60,Male,South,9,Low,"Potential Loyalists"
114,18,Other,North,9,Low,"Loyal Customers"
140,62,Other,South,9,Low,"Loyal Customers"
151,46,Male,East,9,Low,"At Risk"
158,26,Other,East,9,Low,"At Risk"
177,19,Female,West,9,Low,"At Risk"
186,24,Female,South,9,Low,"At Risk"
206,62,Other,West,9,Low,"At Risk"
224,51,Other,North,9,Low,"Potential Loyalists"
244,62,Female,North,9,Low,"At Risk"
271,50,Female,West,9,Low,"At Risk"
276,22,Other,South,9,Low,"Potential Loyalists"
291,21,Other,South,9,Low,"Potential Loyalists"
294,27,Female,West,9,Low,"Potential Loyalists"
310,39,Male,West,9,Low,"At Risk"
352,50,Other,East,9,Low,"At Risk"
357,22,Female,South,9,Low,"Potential Loyalists"
367,29,Female,South,9,Low,"At Risk"
373,63,Female,East,9,Low,"Potential Loyalists"
390,25,Male,South,9,Low,"At Risk"
415,66,Female,East,9,Low,Lost
447,48,Female,North,9,Low,"Potential Loyalists"
448,44,Female,Unknown,9,Low,"Potential Loyalists"
449,51,Female,East,9,Low,"Potential Loyalists"
478,56,Male,North,9,Low,"At Risk"
502,36,Other,East,9,Low,"At Risk"
512,39,Female,East,9,Low,"Potential Loyalists"
522,37,Female,North,9,Low,"At Risk"
529,28,Other,East,9,Low,"Potential Loyalists"
531,34,Male,South,9,Low,Lost
560,35,Male,West,9,Low,"Potential Loyalists"
570,40,Other,South,9,Low,"At Risk"
596,50,Other,South,9,Low,"Potential Loyalists"
614,37,Other,West,9,Low,"At Risk"
683,65,Other,North,9,Low,"Loyal Customers"
692,31,Female,East,9,Low,"Potential Loyalists"
699,40,Female,North,9,Low,"At Risk"
705,24,Male,North,9,Low,"At Risk"
708,31,Female,South,9,Low,"Potential Loyalists"
773,33,Female,West,9,Low,"At Risk"
777,47,Other,West,9,Low,"Potential Loyalists"
807,52,Female,North,9,Low,"Potential Loyalists"
830,55,Male,North,9,Low,"At Risk"
850,18,Male,South,9,Low,"Loyal Customers"
871,62,Other,West,9,Low,"Potential Loyalists"
893,55,Female,West,9,Low,"Potential Loyalists"
894,59,Male,West,9,Low,"At Risk"
910,27,Female,South,9,Low,"Loyal Customers"
914,37,Other,West,9,Low,"Potential Loyalists"
928,42,Male,North,9,Low,"Potential Loyalists"
951,21,Female,North,9,Low,"Potential Loyalists"
995,24,Other,South,9,Low,"Potential Loyalists"
11,44,Other,North,8,Low,"At Risk"
72,31,Male,North,8,Low,"Potential Loyalists"
83,68,Male,South,8,Low,"Loyal Customers"
134,52,Other,South,8,Low,"At Risk"
208,53,Other,South,8,Low,"At Risk"
209,19,Female,South,8,Low,"At Risk"
222,54,Female,West,8,Low,"Potential Loyalists"
230,34,Female,West,8,Low,"At Risk"
249,34,Other,East,8,Low,"At Risk"
272,38,Male,South,8,Low,"Potential Loyalists"
275,53,Other,North,8,Low,"At Risk"
278,18,Female,South,8,Low,"Potential Loyalists"
300,63,Other,East,8,Low,"Potential Loyalists"
319,26,Male,West,8,Low,"At Risk"
325,44,Male,West,8,Low,"Potential Loyalists"
330,38,Other,South,8,Low,"At Risk"
340,56,Other,North,8,Low,Lost
347,23,Male,East,8,Low,"At Risk"
370,42,Other,East,8,Low,"Loyal Customers"
398,65,Other,South,8,Low,"Potential Loyalists"
417,23,Male,North,8,Low,"Loyal Customers"
426,21,Male,West,8,Low,"Potential Loyalists"
431,19,Female,West,8,Low,"Loyal Customers"
434,56,Other,East,8,Low,"At Risk"
465,56,Male,North,8,Low,"Loyal Customers"
466,53,Other,West,8,Low,"Potential Loyalists"
470,36,Other,South,8,Low,"At Risk"
509,35,Other,South,8,Low,"Loyal Customers"
510,50,Male,North,8,Low,"Potential Loyalists"
523,42,Other,East,8,Low,"At Risk"
538,33,Other,South,8,Low,"At Risk"
553,46,Female,North,8,Low,"Potential Loyalists"
557,37,Other,North,8,Low,"Potential Loyalists"
567,65,Other,North,8,Low,"At Risk"
577,40,Male,West,8,Low,"At Risk"
581,23,Male,South,8,Low,"Potential Loyalists"
587,68,Male,North,8,Low,"Potential Loyalists"
615,57,Female,South,8,Low,"At Risk"
644,21,Other,West,8,Low,"At Risk"
667,66,Male,East,8,Low,"Potential Loyalists"
677,65,Female,West,8,Low,Lost
678,26,Other,West,8,Low,"Loyal Customers"
707,20,Female,North,8,Low,"At Risk"
711,61,Male,West,8,Low,"At Risk"
811,62,Other,North,8,Low,"At Risk"
836,49,Male,East,8,Low,"Potential Loyalists"
843,55,Male,West,8,Low,"Potential Loyalists"
846,67,Female,South,8,Low,"Potential Loyalists"
898,63,Other,East,8,Low,"At Risk"
904,42,Other,West,8,Low,"Potential Loyalists"
908,38,Female,East,8,Low,"At Risk"
924,19,Other,North,8,Low,"Potential Loyalists"
926,52,Male,East,8,Low,"Potential Loyalists"
938,55,Female,North,8,Low,"Potential Loyalists"
960,26,Male,East,8,Low,"Potential Loyalists"
33,68,Other,North,7,Low,"At Risk"
38,55,Male,East,7,Low,"At Risk"
44,27,Male,South,7,Low,"At Risk"
56,20,Male,East,7,Low,Lost
61,53,Male,West,7,Low,"At Risk"
76,41,Female,South,7,Low,"Potential Loyalists"
116,68,Male,South,7,Low,"Loyal Customers"
176,47,Male,North,7,Low,"Potential Loyalists"
199,21,Male,North,7,Low,"At Risk"
234,59,Female,North,7,Low,"Potential Loyalists"
245,29,Other,West,7,Low,"Potential Loyalists"
247,26,Male,North,7,Low,"At Risk"
257,48,Female,East,7,Low,"Loyal Customers"
263,61,Female,West,7,Low,"At Risk"
265,64,Other,North,7,Low,"Loyal Customers"
267,56,Female,East,7,Low,"Potential Loyalists"
321,52,Male,East,7,Low,Lost
331,35,Female,East,7,Low,"At Risk"
372,45,Female,South,7,Low,"At Risk"
388,20,Male,East,7,Low,"Potential Loyalists"
403,36,Other,North,7,Low,Lost
446,42,Male,South,7,Low,Lost
451,36,Female,East,7,Low,"Loyal Customers"
468,53,Male,East,7,Low,"At Risk"
486,39,Male,North,7,Low,"Potential Loyalists"
495,47,Other,North,7,Low,"At Risk"
507,34,Male,North,7,Low,"Potential Loyalists"
518,36,Female,South,7,Low,Lost
519,45,Male,East,7,Low,"At Risk"
543,33,Male,North,7,Low,"At Risk"
544,40,Male,South,7,Low,"Potential Loyalists"
552,41,Female,West,7,Low,"At Risk"
583,52,Other,East,7,Low,"At Risk"
591,57,Female,South,7,Low,"At Risk"
593,55,Male,East,7,Low,"At Risk"
611,45,Male,South,7,Low,"Potential Loyalists"
617,38,Other,East,7,Low,"At Risk"
621,66,Other,West,7,Low,"Potential Loyalists"
639,38,Other,North,7,Low,"Potential Loyalists"
697,51,Other,West,7,Low,Lost
713,63,Female,North,7,Low,"Potential Loyalists"
717,31,Other,North,7,Low,Lost
719,68,Male,North,7,Low,Lost
729,22,Male,South,7,Low,"At Risk"
743,63,Other,West,7,Low,"At Risk"
753,32,Other,North,7,Low,"At Risk"
757,22,Female,North,7,Low,"Potential Loyalists"
775,64,Other,South,7,Low,"At Risk"
782,25,Female,East,7,Low,"At Risk"
818,19,Other,East,7,Low,"At Risk"
834,41,Other,West,7,Low,Lost
851,68,Other,West,7,Low,"At Risk"
855,50,Female,North,7,Low,"At Risk"
862,23,Male,North,7,Low,"At Risk"
879,18,Female,West,7,Low,"At Risk"
901,50,Other,West,7,Low,"Potential Loyalists"
925,51,Other,South,7,Low,"At Risk"
931,29,Female,South,7,Low,"At Risk"
939,59,Male,West,7,Low,"At Risk"
945,36,Male,South,7,Low,"At Risk"
954,62,Other,East,7,Low,"At Risk"
992,34,Female,West,7,Low,"Loyal Customers"
4,19,Other,Unknown,6,Low,Lost
30,25,Male,North,6,Low,"At Risk"
91,33,Female,West,6,Low,"Potential Loyalists"
93,38,Male,East,6,Low,"Potential Loyalists"
101,63,Male,West,6,Low,"At Risk"
105,19,Female,West,6,Low,"Potential Loyalists"
112,38,Female,North,6,Low,"At Risk"
121,65,Male,West,6,Low,Lost
166,20,Male,West,6,Low,"At Risk"
180,69,Other,West,6,Low,"At Risk"
193,54,Male,West,6,Low,"At Risk"
200,30,Male,East,6,Low,"At Risk"
241,55,Male,East,6,Low,"At Risk"
266,34,Other,East,6,Low,"Potential Loyalists"
290,19,Male,West,6,Low,"Potential Loyalists"
292,44,Female,East,6,Low,"Potential Loyalists"
322,35,Female,Unknown,6,Low,"Potential Loyalists"
328,25,Male,West,6,Low,"At Risk"
343,30,Female,South,6,Low,"Potential Loyalists"
366,51,Female,East,6,Low,"Potential Loyalists"
383,45,Female,North,6,Low,"Potential Loyalists"
404,36,Other,North,6,Low,"At Risk"
410,58,Female,South,6,Low,"At Risk"
411,24,Male,West,6,Low,"At Risk"
412,26,Female,East,6,Low,"Potential Loyalists"
413,21,Other,South,6,Low,"At Risk"
421,32,Female,South,6,Low,"At Risk"
472,30,Other,South,6,Low,"At Risk"
498,54,Male,North,6,Low,"At Risk"
530,24,Other,North,6,Low,"At Risk"
534,37,Other,East,6,Low,"At Risk"
536,28,Other,South,6,Low,"At Risk"
541,68,Male,West,6,Low,"At Risk"
592,25,Male,East,6,Low,"At Risk"
622,59,Female,West,6,Low,"At Risk"
635,64,Female,North,6,Low,"At Risk"
651,22,Other,North,6,Low,"At Risk"
702,25,Other,South,6,Low,"At Risk"
746,51,Female,West,6,Low,"Potential Loyalists"
754,32,Female,West,6,Low,"Potential Loyalists"
760,28,Female,North,6,Low,"At Risk"
784,35,Other,West,6,Low,"At Risk"
786,35,Other,South,6,Low,"Potential Loyalists"
812,21,Other,West,6,Low,"At Risk"
841,51,Male,East,6,Low,"At Risk"
874,21,Female,East,6,Low,"At Risk"
875,67,Other,East,6,Low,"At Risk"
884,34,Other,West,6,Low,"At Risk"
889,34,Other,North,6,Low,Lost
895,41,Female,South,6,Low,"At Risk"
948,33,Other,North,6,Low,"At Risk"
961,53,Female,West,6,Low,Lost
972,48,Other,North,6,Low,Lost
18,60,Female,North,5,Low,Lost
135,67,Other,West,5,Low,"At Risk"
142,36,Other,West,5,Low,"At Risk"
171,66,Male,South,5,Low,Lost
205,65,Female,West,5,Low,"At Risk"
237,51,Other,North,5,Low,"At Risk"
252,56,Male,North,5,Low,Lost
282,22,Female,South,5,Low,Lost
298,43,Male,South,5,Low,Lost
307,25,Female,East,5,Low,"At Risk"
308,38,Male,West,5,Low,"At Risk"
339,45,Female,North,5,Low,"At Risk"
389,63,Male,East,5,Low,Lost
514,44,Other,East,5,Low,"Potential Loyalists"
535,55,Female,North,5,Low,"Potential Loyalists"
565,58,Female,West,5,Low,Lost
586,27,Other,East,5,Low,"At Risk"
590,18,Female,East,5,Low,"At Risk"
599,48,Other,East,5,Low,"At Risk"
606,62,Other,South,5,Low,Lost
626,24,Female,West,5,Low,"Potential Loyalists"
636,25,Female,West,5,Low,"At Risk"
649,43,Other,South,5,Low,"At Risk"
652,28,Male,North,5,Low,"At Risk"
674,27,Female,West,5,Low,"At Risk"
718,26,Male,West,5,Low,"At Risk"
721,19,Female,South,5,Low,Lost
722,28,Female,South,5,Low,"At Risk"
723,34,Other,East,5,Low,Lost
747,48,Male,West,5,Low,Lost
750,22,Male,South,5,Low,"At Risk"
788,66,Male,South,5,Low,"At Risk"
791,62,Female,West,5,Low,"At Risk"
839,51,Male,East,5,Low,Lost
860,42,Other,South,5,Low,"At Risk"
863,48,Other,East,5,Low,Lost
865,57,Male,South,5,Low,"At Risk"
882,67,Male,South,5,Low,Lost
31,63,Female,West,4,Low,"At Risk"
34,25,Other,South,4,Low,Lost
64,55,Female,North,4,Low,"Potential Loyalists"
68,22,Female,North,4,Low,"Potential Loyalists"
74,65,Other,North,4,Low,"At Risk"
94,27,Female,West,4,Low,"At Risk"
97,39,Male,South,4,Low,"At Risk"
123,59,Female,West,4,Low,"Potential Loyalists"
125,28,Female,South,4,Low,"Potential Loyalists"
136,57,Male,West,4,Low,"At Risk"
179,44,Female,East,4,Low,"At Risk"
221,44,Male,West,4,Low,"At Risk"
232,69,Female,South,4,Low,"At Risk"
248,27,Male,North,4,Low,"At Risk"
297,19,Female,North,4,Low,"At Risk"
351,37,Male,North,4,Low,"At Risk"
368,33,Male,West,4,Low,"At Risk"
423,19,Other,West,4,Low,"At Risk"
480,22,Other,South,4,Low,"Potential Loyalists"
484,64,Other,West,4,Low,Lost
487,56,Other,South,4,Low,"Potential Loyalists"
528,61,Male,West,4,Low,"Potential Loyalists"
597,32,Male,East,4,Low,"At Risk"
627,24,Other,West,4,Low,Lost
716,62,Male,South,4,Low,Lost
724,51,Other,West,4,Low,"At Risk"
790,65,Male,North,4,Low,"At Risk"
809,63,Male,South,4,Low,"At Risk"
880,44,Male,East,4,Low,"At Risk"
890,51,Other,South,4,Low,Lost
950,45,Female,South,4,Low,Lost
965,38,Other,North,4,Low,Lost
979,18,Male,North,4,Low,Lost
991,32,Male,South,4,Low,"Potential Loyalists"
45,29,Male,West,3,Low,"Potential Loyalists"
50,41,Female,South,3,Low,"At Risk"
110,38,Female,South,3,Low,Lost
150,65,Female,North,3,Low,Lost
169,51,Male,North,3,Low,"At Risk"
181,34,Other,East,3,Low,Lost
185,22,Male,West,3,Low,Lost
212,66,Other,West,3,Low,Lost
269,61,Female,South,3,Low,"At Risk"
315,57,Other,North,3,Low,Lost
317,39,Male,East,3,Low,Lost
439,36,Female,South,3,Low,Lost
444,40,Female,North,3,Low,"At Risk"
452,58,Other,South,3,Low,Lost
458,68,Other,North,3,Low,Lost
479,47,Other,South,3,Low,"At Risk"
545,29,Other,North,3,Low,Lost
647,27,Other,West,3,Low,"Potential Loyalists"
668,NULL,Male,Unknown,3,Low,"At Risk"
680,53,Male,West,3,Low,"At Risk"
706,26,Female,North,3,Low,Lost
712,39,Other,East,3,Low,Lost
733,46,Female,East,3,Low,"At Risk"
742,64,Other,North,3,Low,"At Risk"
799,33,Male,North,3,Low,Lost
844,18,Female,North,3,Low,Lost
858,51,Male,South,3,Low,Lost
868,22,Female,North,3,Low,"At Risk"
32,36,Female,West,2,Low,"At Risk"
77,32,Female,East,2,Low,"At Risk"
80,39,Male,West,2,Low,Lost
175,31,Male,East,2,Low,Lost
189,49,Female,North,2,Low,Lost
219,23,Male,Unknown,2,Low,"At Risk"
333,32,Female,South,2,Low,"At Risk"
409,67,Female,East,2,Low,Lost
568,28,Female,South,2,Low,"At Risk"
603,52,Female,West,2,Low,"At Risk"
766,32,Male,West,2,Low,"At Risk"
810,59,Female,South,2,Low,"Potential Loyalists"
870,24,Female,East,2,Low,Lost
967,19,Male,East,2,Low,Lost
6,22,Other,South,1,Low,Lost
24,45,Male,South,1,Low,Lost
240,24,Female,West,1,Low,"At Risk"
255,29,Male,South,1,Low,"At Risk"
355,68,Male,East,1,Low,"Potential Loyalists"
464,26,Other,South,1,Low,Lost
496,60,Male,South,1,Low,Lost
555,63,Other,East,1,Low,"At Risk"
595,36,Female,North,1,Low,Lost
1000,38,Other,West,1,Low,"At Risk"
52,26,Other,East,0,"No Orders",Lost
71,62,Female,South,0,"No Orders",Lost
197,19,Female,North,0,"No Orders",Lost
299,32,Male,West,0,"No Orders",Lost
433,44,Male,North,0,"No Orders",Lost
600,38,Other,West,0,"No Orders",Lost
671,65,Male,South,0,"No Orders",Lost
694,59,Female,East,0,"No Orders",Lost
756,60,Other,North,0,"No Orders",Lost
765,19,Other,South,0,"No Orders",Lost
808,34,Female,West,0,"No Orders",Lost
